{
  "pracas":{
    "type" : "Object",
    "value" : [ {
      "esportes" : ["Corrida","Caminhada","Futsal","Handbol"],
      "cord" : {
        "latlng" : [-22.219081,-54.794972]
      },
      "propriedades" : {
        "descricao" : "O ginásio principal da cidade",
        "img" : "valor",
        "nome" : "Ginásio Municiapal"
      }
    }, {
      "esportes" : ["Futsal","Voleibol","Basquetebol","Corrida","Caminhada","Volei de Areia","Academia ao Ar Livre","Slackline","Peteca","Ponto de Encontro de Corrida de Rua","Ponto de Encontro de Ciclismo"],
      "cord" : {
        "latlng" : [-22.217511, -54.812435]
      },
      "propriedades" : {
        "descricao" : "O parque que tem Ipês",
        "img" : "valor",
        "nome" : "Parque dos Ipês"
      }
    }, {
      "esportes" : ["Corrida","Caminhada","Ponto de Encontro de Ciclismo"],
      "cord" : {
        "latlng" : [-22.219143, -54.817903]
      },
      "propriedades" : {
        "descricao" : "A escola q tem onde correr",
        "img" : "valor",
        "nome" : "Escola Imaculada"
      }
    }, {
      "esportes" : ["Futbol","Basquetebol"],
      "cord" : {
        "latlng" : [-22.231952, -54.836265]
      },
      "propriedades" : {
        "descricao" : "Um parque gigante ai",
        "img" : "valor",
        "nome" : "Parque Antenor Martins"
      }
    }, {
      "esportes" : ["Caminhada","Corrida","Academia ao Ar Livre"],
      "cord" : {
        "latlng" : [-22.244424, -54.781942]
      },
      "propriedades" : {
        "descricao" : "O estadio de Dourados",
        "img" : "valor",
        "nome" : "Estádio Douradão"
      }
    }, {
      "esportes" : ["Futsal","Volei de Areia","Voleibol","Corrida","Caminhada","Academia ao Ar Livre","Parquinho Infantil"],
      "cord" : {
        "latlng" : [-22.22157, -54.820794]
      },
      "propriedades" : {
        "descricao" : "Foi funcado em 2001",
        "img" : "valor",
        "nome" : "CEPPER I"
      }
    }, {
      "esportes" : ["Futbol Americano","Basquetebol","Skate","Futsal","Parquinho Infantil","Patins","Caminhada","Corrida"],
      "cord" : {
        "latlng" : [-22.213458, -54.835484]
      },
      "propriedades" : {
        "descricao" : "",
        "img" : "valor",
        "nome" : "Parque do Parque Alvorada"
      }
    }, {
      "esportes" : ["Futsal","Basquetebol","Voleibol","Caminhada","Corrida","Academia ao Ar Livre","Skate"],
      "cord" : {
        "latlng" : [-22.214967, -54.802794]
      },
      "propriedades" : {
        "descricao" : "Foi fundado em 2003",
        "img" : "valor",
        "nome" : "CEPPER II"
      }
    }   ]
  }
}
